#{"t_start": 1790707592.6014094, "env_id": "None"}
r,l,t
38.3,200,0.100543
18.35,200,0.196821
18.35,200,0.292378
23.6,200,0.384664
22.55,200,0.488468
-8.95,200,0.728689
2.6,200,0.976165
24.65,200,1.20964
-8.95,200,1.432053
57.2,200,1.66769
-7.9,200,1.902363
-4.75,200,2.179791
27.8,200,2.514059
70.85,200,2.867574
33.05,200,3.144437
17.3,200,3.506352
25.7,200,3.861531
24.65,200,4.105712
-4.75,200,4.403968
30.95,200,4.723209
54.05,200,5.086088
20.45,200,5.39863
43.55,200,5.72938
48.8,200,6.09479
28.85,200,6.450965
-4.75,200,6.751815
40.4,200,7.04806
-5.8,200,7.300639
50.9,200,7.593809
2.6,200,7.98319
40.4,200,8.308399
-6.85,200,8.589707
76.1,200,8.892782
26.75,200,9.172338
34.1,200,9.457525
-6.85,200,9.744855
56.15,200,10.113101
29.9,200,10.458045
26.75,200,10.863359
1.55,200,11.241791
-1.6,200,11.542423
67.7,200,11.802982
27.8,200,12.208595
24.65,200,12.594348
-4.75,200,12.836753
-0.55,200,13.089028
-6.85,200,13.3575
66.65,200,13.675594
22.55,200,14.000607
49.85,200,14.273992
80.3,200,14.650471
-2.65,200,14.927725
59.3,200,15.228966
-4.75,200,15.504501
48.8,200,15.745397
-6.85,200,16.011927
15.2,200,16.258749
-3.7,200,16.561766
12.05,200,16.835109
-3.7,200,17.11061
17.3,200,17.424979
-7.9,200,17.781272
24.65,200,18.069425
-3.7,200,18.352629
50.9,200,18.647749
-5.8,200,18.951256
70.85,200,19.253617
32.0,200,19.558573
0.5,200,19.85168
8.9,200,20.154106
93.95,200,20.465425
8.9,200,20.758887
40.4,200,21.066862
70.85,200,21.349415
23.6,200,21.654601
46.7,200,21.97231
41.45,200,22.232092
72.95,200,22.519916
-2.65,200,22.792344
-8.95,200,23.093952
19.4,200,23.405819
-0.55,200,23.661568
-0.55,200,23.93039
85.55,200,24.21977
8.9,200,24.475497
97.1,200,24.770953
-4.75,200,25.061222
-5.8,200,25.409321
99.2,200,25.690745
1.55,200,25.952622
19.4,200,26.265168
117.05,200,26.532712
87.65,200,26.832173
43.55,200,27.085068
88.7,200,27.374717
-7.9,200,27.677202
118.1,200,27.972097
83.45,200,28.237035
-6.85,200,28.568096
111.8,200,28.849464
26.75,200,29.156036
-6.85,200,29.475216
-2.65,200,29.822368
71.9,200,30.127189
-6.85,200,30.447106
79.25,200,30.808094
110.75,200,31.102379
7.85,200,31.394077
-2.65,200,31.684305
126.5,200,31.998353
123.35,200,32.260423
113.9,200,32.631195
-7.9,200,32.929357
68.75,200,33.24656
67.7,200,33.517153
79.25,200,33.812427
135.95,200,34.080408
109.7,200,34.392789
117.05,200,34.670892
25.7,200,34.96381
120.2,200,35.256637
-6.85,200,35.567462
134.9,200,35.911368
130.7,200,36.226052
121.25,200,36.504813
-3.7,200,36.83534
103.4,200,37.107752
141.2,200,37.382237
2.6,200,37.71117
81.35,200,37.988799
102.35,200,38.294262
-1.6,200,38.581645
101.3,200,38.853824
2.6,200,39.163125
107.6,200,39.517138
38.3,200,39.834381
-7.9,200,40.14566
128.6,200,40.444239
97.1,200,40.735774
-6.85,200,41.07456
-3.7,200,41.358172
130.7,200,41.66
101.3,200,41.962907
102.35,200,42.314346
-8.95,200,42.578931
54.05,200,42.88334
118.1,200,43.211495
107.6,200,43.533775
110.75,200,43.828157
117.05,200,44.144828
78.2,200,44.483465
-4.75,200,44.793888
120.2,200,45.15531
-1.6,200,45.46846
41.45,200,45.788377
78.2,200,46.077465
79.25,200,46.475853
-5.8,200,46.743416
66.65,200,47.048442
-0.55,200,47.357547
65.6,200,47.682356
55.1,200,47.966706
-5.8,200,48.292182
45.65,200,48.586106
20.45,200,48.878357
-7.9,200,49.184084
60.35,200,49.471446
69.8,200,49.766556
92.9,200,50.064155
111.8,200,50.388343
48.8,200,50.722374
61.4,200,51.02471
98.15,200,51.340728
106.55,200,51.616858
111.8,200,51.891475
-4.75,200,52.195566
-5.8,200,52.50908
79.25,200,52.78867
86.6,200,53.10063
-5.8,200,53.39106
-6.85,200,53.722035
130.7,200,54.014706
-4.75,200,54.341799
-7.9,200,54.627103
-0.55,200,54.919982
112.85,200,55.220514
17.3,200,55.497144
122.3,200,55.768275
102.35,200,56.060955
128.6,200,56.329457
57.2,200,56.612944
167.45,200,56.892459
128.6,200,57.179978
62.45,200,57.489092
128.6,200,57.748015
14.15,200,58.06136
-3.7,200,58.324918
67.7,200,58.57997
-5.8,200,58.891702
67.7,200,59.164266
143.3,200,59.493761
133.85,200,59.807387
-3.7,200,60.115654
146.45,200,60.453544
159.05,200,60.759613
121.25,200,61.058443
-2.65,200,61.354771
81.35,200,61.767915
72.95,200,62.118336
114.95,200,62.388554
-0.55,200,62.701246
118.1,200,63.024738
110.75,200,63.321499
-4.75,200,63.582887
131.75,200,63.926475
175.85,200,64.216094
161.15,200,64.502099
-10.0,200,64.853314
126.5,200,65.108688
11.0,200,65.415327
114.95,200,65.718321
131.75,200,66.082553
155.9,200,66.352273
141.2,200,66.702979
59.3,200,67.074049
148.55,200,67.332294
79.25,200,67.629185
112.85,200,67.927067
-6.85,200,68.28464
146.45,200,68.548516
163.25,200,68.845748
153.8,200,69.125579
132.8,200,69.496182
150.65,200,69.804015
137.0,200,70.130673
139.1,200,70.446422
-8.95,200,70.770422
169.55,200,71.073949
130.7,200,71.338623
140.15,200,71.641387
70.85,200,71.954645
88.7,200,72.256505
126.5,200,72.538606
173.75,200,72.859796
132.8,200,73.155202
69.8,200,73.424857
167.45,200,73.758358
141.2,200,74.086532
126.5,200,74.385056
139.1,200,74.656858
173.75,200,74.965343
104.45,200,75.274063
137.0,200,75.566987
164.3,200,75.87177
5.75,200,76.148987
86.6,200,76.412594
18.35,200,76.698542
159.05,200,77.028546
74.0,200,77.351558
-7.9,200,77.665696
146.45,200,77.994582
122.3,200,78.293591
130.7,200,78.608515
150.65,200,78.908708
144.35,200,79.254223
114.95,200,79.59013
161.15,200,79.941092
47.75,200,80.275212
100.25,200,80.587278
-3.7,200,80.896344
181.1,200,81.218938
-2.65,200,81.56505
75.05,200,81.955336
153.8,200,82.241599
78.2,200,82.530596
135.95,200,82.873303
26.75,200,83.216561
159.05,200,83.550127
112.85,200,83.838268
166.4,200,84.112114
131.75,200,84.427853
154.85,200,84.735964
103.4,200,85.043719
169.55,200,85.324472
-7.9,200,85.737643
119.15,200,86.020762
-4.75,200,86.339227
-1.6,200,86.621407
97.1,200,86.923398
167.45,200,87.215052
-6.85,200,87.539507
-4.75,200,87.809815
142.25,200,88.093593
173.75,200,88.362975
180.05,200,88.681556
125.45,200,88.941454
-7.9,200,89.213359
150.65,200,89.531396
167.45,200,89.845152
-4.75,200,90.141471
171.65,200,90.457856
165.35,200,90.786946
146.45,200,91.100009
159.05,200,91.443175
103.4,200,91.793546
144.35,200,92.129272
167.45,200,92.42083
-5.8,200,92.730487
148.55,200,93.07333
-4.75,200,93.339814
91.85,200,93.680203
177.95,200,93.978383
86.6,200,94.318837
77.15,200,94.628613
12.05,200,95.115599
11.0,200,95.440357
116.0,200,95.809948
145.4,200,96.075312
151.7,200,96.363817
156.95,200,96.705059
128.6,200,97.052335
95.0,200,97.366042
172.7,200,97.679262
172.7,200,98.018542
154.85,200,98.335225
27.8,200,98.685433
114.95,200,98.9929
96.05,200,99.300756
-5.8,200,99.609659
85.55,200,99.956885
127.55,200,100.257451
-6.85,200,100.555266
21.5,200,100.861873
0.5,200,101.215226
28.85,200,101.556557
-4.75,200,101.842649
162.2,200,102.164752
160.1,200,102.486633
145.4,200,102.811965
-6.85,200,103.153483
118.1,200,103.46278
108.65,200,103.74986
169.55,200,104.061055
-3.7,200,104.386141
184.25,200,104.734585
-6.85,200,105.048109
-6.85,200,105.388086
2.6,200,105.656661
120.2,200,105.97925
113.9,200,106.262819
116.0,200,106.623887
29.9,200,106.95731
-3.7,200,107.314089
1.55,200,107.578327
-6.85,200,107.958048
118.1,200,108.311829
107.6,200,108.587112
-7.9,200,108.907356
117.05,200,109.197168
146.45,200,109.468949
-7.9,200,109.75403
167.45,200,110.143405
179.0,200,110.525312
40.4,200,110.787959
26.75,200,111.104967
165.35,200,111.42712
144.35,200,111.721122
106.55,200,112.036983
126.5,200,112.351752
171.65,200,112.673279
146.45,200,112.986304
174.8,200,113.266657
164.3,200,113.542084
-7.9,200,113.862604
139.1,200,114.209125
147.5,200,114.491487
-5.8,200,114.756516
-3.7,200,115.048778
45.65,200,115.35451
151.7,200,115.665342
103.4,200,116.04215
-4.75,200,116.392294
174.8,200,116.666669
32.0,200,116.944964
-5.8,200,117.275035
-5.8,200,117.645761
43.55,200,118.001106
105.5,200,118.308842
170.6,200,118.65223
28.85,200,118.96662
-2.65,200,119.241226
176.9,200,119.535379
70.85,200,119.843742
-3.7,200,120.19469
119.15,200,120.49504
141.2,200,120.821388
72.95,200,121.129036
-8.95,200,121.440912
122.3,200,121.726254
132.8,200,122.079569
139.1,200,122.395387
-2.65,200,122.740342
124.4,200,123.043334
142.25,200,123.316183
-5.8,200,123.61401
-3.7,200,123.949505
143.3,200,124.260997
137.0,200,124.56591
82.4,200,124.917091
159.05,200,125.219371
-3.7,200,125.518315
-7.9,200,125.780946
135.95,200,126.059591
129.65,200,126.353291
-6.85,200,126.617777
34.1,200,126.915091
170.6,200,127.183628
49.85,200,127.488273
117.05,200,127.816
122.3,200,128.121572
83.45,200,128.471077
56.15,200,128.793274
-2.65,200,129.086543
98.15,200,129.431221
18.35,200,129.750641
4.7,200,130.117662
112.85,200,130.486428
-0.55,200,130.800186
-3.7,200,131.13647
2.6,200,131.466042
164.3,200,131.812678
133.85,200,132.103878
137.0,200,132.394649
156.95,200,132.707556
119.15,200,133.020723
44.6,200,133.339266
169.55,200,133.664829
122.3,200,133.95847
-6.85,200,134.251279
166.4,200,134.616244
159.05,200,134.937338
-7.9,200,135.261285
67.7,200,135.59294
-4.75,200,135.865535
-6.85,200,136.237978
167.45,200,136.518839
133.85,200,136.817008
-5.8,200,137.102644
112.85,200,137.424513
95.0,200,137.724455
40.4,200,138.016376
141.2,200,138.3188
134.9,200,138.673589
154.85,200,139.007268
-5.8,200,139.305631
5.75,200,139.636193
-5.8,200,139.961545
141.2,200,140.237523
76.1,200,140.543067
174.8,200,140.856285
-7.9,200,141.138574
131.75,200,141.420484
-5.8,200,141.689535
146.45,200,141.977543
159.05,200,142.272229
121.25,200,142.542841
-3.7,200,142.827358
181.1,200,143.171909
141.2,200,143.48705
-8.95,200,143.760334
85.55,200,144.078368
144.35,200,144.381806
96.05,200,144.678676
122.3,200,144.995934
71.9,200,145.26004
127.55,200,145.534068
179.0,200,145.839743
-7.9,200,146.17011
180.05,200,146.469681
78.2,200,146.781951
117.05,200,147.130882
139.1,200,147.451648
174.8,200,147.806021
44.6,200,148.123142
102.35,200,148.445583
-8.95,200,148.818161
138.05,200,149.099772
6.8,200,149.46148
-5.8,200,149.78306
161.15,200,150.06894
150.65,200,150.348702
168.5,200,150.666324
154.85,200,150.93602
138.05,200,151.220277
133.85,200,151.596037
-3.7,200,151.885092
116.0,200,152.223832
7.85,200,152.553021
137.0,200,152.88076
110.75,200,153.23994
